user1,user1@example.com
user2,user2@example.com
johnsmith99,johnsmith@example.com
janedoe87,janedoe@example.com
mikebrown123,mikebrown@example.com
emilywilson22,emilywilson@example.com
davidjones456,davidjones@example.com
sarahthompson77,sarahthompson@example.com
alexturner88,alexturner@example.com
amandaharris123,amandaharris@example.com
robertmiller55,robertmiller@example.com
laurawalker89,laurawalker@example.com
michaelclark12,michaelclark@example.com
jenniferlewis44,jenniferlewis@example.com
matthewrobinson11,matthewrobinson@example.com
sophiawilliams66,sophiawilliams@example.com
williamjackson33,williamjackson@example.com
olivertaylor22,olivertaylor@example.com
emmaroberts11,emmaroberts@example.com
jasonmoore99,jasonmoore@example.com
hannahadams77,hannahadams@example.com
andrewcarter55,andrewcarter@example.com
jessicawright88,jessicawright@example.com
ryanjameson12,ryanjameson@example.com
samanthahall23,samanthahall@example.com
christopherlee77,christopherlee@example.com
laurenwhite22,laurenwhite@example.com
jacksonthomas11,jacksonthomas@example.com
victoriahill44,victoriahill@example.com
nathanroberts99,nathanroberts@example.com
ashleymartin88,ashleymartin@example.com
tylerjackson12,tylerjackson@example.com
danimokkanu,danimocna@yoahoa.com
andq1,adas@gazah.com
null,null
ad,dan@gmail.com
